--
-- Dumping data for table core_admin_right
--
INSERT INTO core_admin_right (id_right,name,level_right,admin_url,description,is_updatable,plugin_name,id_feature_group,icon_url,documentation_url) VALUES 
('FORM_MANAGEMENT','form.adminFeature.form_management.name',2,'jsp/admin/plugins/form/ManageForm.jsp','form.adminFeature.form_management.description',0,'form','APPLICATIONS','images/admin/skin/plugins/form/form.png','jsp/admin/documentation/AdminDocumentation.jsp?doc=admin-form');

--
-- Dumping data for table `core_style`
--
INSERT INTO core_style (id_style, description_style, id_portlet_type, id_portal_component) VALUES (1500,'Défaut','FORM_PORTLET',0);
INSERT INTO core_style (id_style, description_style, id_portlet_type, id_portal_component) VALUES (1501,'Défaut','LIST_FORM_PORTLET',0);

--
-- Dumping data for table `core_style_mode_stylesheet`
--
INSERT INTO core_style_mode_stylesheet (id_style, id_mode, id_stylesheet) VALUES (1500,0,1500);
INSERT INTO core_style_mode_stylesheet (id_style, id_mode, id_stylesheet) VALUES (1500,0,9007);
INSERT INTO core_style_mode_stylesheet (id_style, id_mode, id_stylesheet) VALUES (1501,0,9008);

--
-- Dumping data for table `core_stylesheet`
--
INSERT INTO core_stylesheet (id_stylesheet, description, file_name, source) VALUES (9007,'Rubrique Formulaire - Défaut','portlet_form.xsl',0x3C3F786D6C2076657273696F6E3D22312E30223F3E0D0A3C78736C3A7374796C6573686565742076657273696F6E3D22312E302220786D6C6E733A78736C3D22687474703A2F2F7777772E77332E6F72672F313939392F58534C2F5472616E73666F726D223E0D0A3C78736C3A6F7574707574206D6574686F643D2268746D6C2220696E64656E743D22796573222F3E0D0A3C78736C3A74656D706C617465206D617463683D22706F72746C6574223E0D0A093C78736C3A7661726961626C65206E616D653D226465766963655F636C617373223E0D0A093C78736C3A63686F6F73653E0D0A09093C78736C3A7768656E20746573743D22737472696E6728646973706C61792D6F6E2D736D616C6C2D646576696365293D273027223E68696464656E2D70686F6E653C2F78736C3A7768656E3E0D0A09093C78736C3A7768656E20746573743D22737472696E6728646973706C61792D6F6E2D6E6F726D616C2D646576696365293D273027223E68696464656E2D7461626C65743C2F78736C3A7768656E3E0D0A09093C78736C3A7768656E20746573743D22737472696E6728646973706C61792D6F6E2D6C617267652D646576696365293D273027223E68696464656E2D6465736B746F703C2F78736C3A7768656E3E0D0A09093C78736C3A6F74686572776973653E3C2F78736C3A6F74686572776973653E0D0A093C2F78736C3A63686F6F73653E0D0A093C2F78736C3A7661726961626C653E0D0A090D0A093C64697620636C6173733D22706F72746C6574207B246465766963655F636C6173737D223E0D0A09093C78736C3A6170706C792D74656D706C617465732073656C6563743D22666F726D2D706F72746C657422202F3E0D0A093C2F6469763E0D0A3C2F78736C3A74656D706C6174653E0D0A0D0A3C78736C3A74656D706C617465206D617463683D22666F726D2D706F72746C6574223E0D0A093C78736C3A6170706C792D74656D706C617465732073656C6563743D22666F726D2D706F72746C65742D636F6E74656E7422202F3E0D0A3C2F78736C3A74656D706C6174653E0D0A0D0A3C78736C3A74656D706C617465206D617463683D22666F726D2D706F72746C65742D636F6E74656E74223E0D0A093C78736C3A76616C75652D6F662064697361626C652D6F75747075742D6573636170696E673D22796573222073656C6563743D222E22202F3E0D0A3C2F78736C3A74656D706C6174653E0D0A0D0A3C2F78736C3A7374796C6573686565743E);
INSERT INTO core_stylesheet (id_stylesheet, description, file_name, source) VALUES (9008,'Rubrique Liste de formulaires - Défaut','portlet_list_form.xsl',0x3c3f786d6c2076657273696f6e3d22312e30223f3e0a3c78736c3a7374796c6573686565742076657273696f6e3d22312e30220a0909786d6c6e733a78736c3d22687474703a2f2f7777772e77332e6f72672f313939392f58534c2f5472616e73666f726d223e0a3c78736c3a6f7574707574206d6574686f643d2268746d6c2220696e64656e743d22796573222f3e0a09093c78736c3a74656d706c617465206d617463683d22706f72746c65742f666f726d2d706f72746c65742f666f726d2d706f72746c65742d636f6e74656e74223e0a090909093c64697620636c6173733d22706f72746c6574202d6c75746563652d626f726465722d72616469757320617070656e642d626f74746f6d223e0a0909090909093c78736c3a666f722d656163682073656c6563743d2263617465676f72792d666f726d223e0a09090909090909093c78736c3a7661726961626c65206e616d653d22636f6c6f72223e3c78736c3a76616c75652d6f662073656c6563743d2263617465676f72792d636f6c6f72222f3e3c2f78736c3a7661726961626c653e0a09090909090909093c64697620636c6173733d2263617465676f727920636f6c6f725f7b24636f6c6f727d223e0a090909090909090909093c64697620636c6173733d2263617465676f72792d7469746c65223e0a0909090909090909090909093c78736c3a76616c75652d6f662073656c6563743d2263617465676f72792d7469746c65222f3e0a090909090909090909093c2f6469763e0a09090909090909093c2f6469763e0a0909090909093c2f78736c3a666f722d656163683e0a0909090909093c756c20636c6173733d226c6973745f666f726d223e0a0909090909093c78736c3a666f722d656163682073656c6563743d22666f726d223e0a09090909090909093c78736c3a7661726961626c65206e616d653d2275726c5f666f726d223e6a73702f736974652f506f7274616c2e6a73703f706167653d666f726d26616d703b69645f666f726d3d3c78736c3a76616c75652d6f662073656c6563743d22666f726d2d6964222f3e3c2f78736c3a7661726961626c653e0a09090909090909093c6c693e3c6120687265663d227b2475726c5f666f726d7d223e3c78736c3a76616c75652d6f662073656c6563743d22666f726d2d7469746c65222f3e3c2f613e3c2f6c693e0a0909090909093c2f78736c3a666f722d656163683e0a090909093c2f756c3e0a090909093c2f6469763e0a09202020203c2f78736c3a74656d706c6174653e0a09093c78736c3a74656d706c617465206d617463683d222f7c2a223e0a090909093c78736c3a6170706c792d74656d706c617465732073656c6563743d22706f72746c65742f666f726d2d706f72746c65742f666f726d2d706f72746c65742d636f6e74656e7422202f3e0a09202020203c2f78736c3a74656d706c6174653e0a3c2f78736c3a7374796c6573686565743e0a);

--
-- Dumping data for table core_portlet_type
--
INSERT INTO core_portlet_type (id_portlet_type,name,url_creation,url_update,home_class,plugin_name,url_docreate,create_script,create_specific,create_specific_form,url_domodify,modify_script,modify_specific,modify_specific_form) VALUES 
('FORM_PORTLET','form.portlet.name','plugins/form/CreateFormPortlet.jsp','plugins/form/ModifyFormPortlet.jsp','fr.paris.lutece.plugins.form.business.portlet.FormPortletHome','form','plugins/form/DoCreateFormPortlet.jsp','','/admin/plugins/form/list_form.html','','plugins/form/DoModifyFormPortlet.jsp','','/admin/plugins/form/list_form.html',''),
('LIST_FORM_PORTLET','form.portlet.listForm.name','plugins/form/CreateListFormPortlet.jsp','plugins/form/ModifyListFormPortlet.jsp','fr.paris.lutece.plugins.form.business.portlet.ListFormPortletHome','form','plugins/form/DoCreateListFormPortlet.jsp','','/admin/plugins/form/list_categories.html','','plugins/form/DoModifyListFormPortlet.jsp','','/admin/plugins/form/list_categories.html','');


--
-- Dumping data for table core_user_right
--
INSERT INTO core_user_right (id_right,id_user) VALUES ('FORM_MANAGEMENT',1);
INSERT INTO core_user_right (id_right,id_user) VALUES ('FORM_MANAGEMENT',2);

--
-- Dumping data for table core_admin_role
--
INSERT INTO core_admin_role (role_key,role_description) VALUES ('form_manager','Gestion des formulaires');
INSERT INTO core_admin_role (role_key,role_description) VALUES ('form_manager_admin','Administration des formulaires');

--
-- Dumping data for table core_admin_role_resource
--
INSERT INTO core_admin_role_resource (rbac_id,role_key,resource_type,resource_id,permission) VALUES 
 (905,'form_manager_admin','FORM_EXPORT_FORMAT_TYPE','*','*');
INSERT INTO core_admin_role_resource (rbac_id,role_key,resource_type,resource_id,permission) VALUES  
 (906,'form_manager_admin','FORM_DEFAULT_MESSAGE_TYPE','*','*');
 INSERT INTO core_admin_role_resource (rbac_id,role_key,resource_type,resource_id,permission) VALUES 
 (907,'form_manager','FORM_FORM_TYPE','*','*');
 INSERT INTO core_admin_role_resource (rbac_id,role_key,resource_type,resource_id,permission) VALUES 
 (908,'form_manager','FORM_CATEGORY_TYPE','*','*');

--
-- Dumping data for table core_user_role
--
INSERT INTO core_user_role (role_key,id_user) VALUES ('form_manager_admin',1);
INSERT INTO core_user_role (role_key,id_user) VALUES ('form_manager',1);
INSERT INTO core_user_role (role_key,id_user) VALUES ('form_manager',2);

--
-- Init  table core_admin_dashboard
--
INSERT INTO core_admin_dashboard(dashboard_name, dashboard_column, dashboard_order) VALUES('formAdminDashboardComponent', 1, 1);

--
-- Init  table core_dashboard
--
INSERT INTO core_dashboard(dashboard_name, dashboard_column, dashboard_order) VALUES('FORM', 3, 1);
